{"type": "block", "layer": 0, "block": 9, "features": [{"geom": {"polygons": [[[[7.8745322088628615, 3.343490458019305], [8.513299859584155, 2.219487797030085], [8.315274805294903, 2.1071543555671273], [8.335834389972597, 2.070908984127653], [8.225329623209587, 2.0082258594197717], [8.204770038394471, 2.0444712308219763], [8.15526377483613, 2.0163848694380295], [7.992531740637432, 2.303258701280916], [7.933521971020729, 2.269786352872314], [7.874348140967413, 2.3741048375137375], [7.866833368634452, 2.3698392639350163], [7.823457366600395, 2.4463114756176907], [7.838406881680237, 2.4547906036728593], [7.860995214889188, 2.5339638117880448], [7.652278216143693, 2.9030839855413975], [7.612495539717223, 2.8805156598960933], [7.55683100426957, 2.9786478622528905], [7.597498006899695, 3.001712371110681], [7.518264776596695, 3.1413919009250293], [7.8745322088628615, 3.343490458019305]]]], "centroids": [[8.010648622297511, 2.667628736717836, 5.882170018309023]], "h": 0.9003321456595443}, "mtl": {"face": 0}}, {"geom": {"polygons": [[[[8.956723445001513, 2.9951019323610035], [9.07770807799755, 2.7818232507417853], [9.050546057532284, 2.763788597572569], [9.062078311975153, 2.7434530954703997], [8.960416807567839, 2.685783820498923], [8.948880551608983, 2.7061153210571605], [8.833069827363149, 2.6404230862508116], [8.884596836446379, 2.5495895763503538], [8.76638122499317, 2.479899866825387], [8.777913479380139, 2.4595643647232106], [8.676247973552332, 2.401895089751741], [8.664715719083848, 2.422226590384504], [8.646148869489146, 2.4116987064161264], [8.614057030333644, 2.4682755784511015], [8.586206756026604, 2.452477750406222], [8.516501040530844, 2.5753630846167224], [8.54435131490543, 2.591156911192203], [8.388889962916835, 2.8652140148400935], [8.517077253082528, 2.9379288403784134], [8.426907988321542, 3.0957750721877617], [8.378454113007972, 3.0690011949675515], [8.137793329724197, 3.497175154491743], [8.327163190994657, 3.6002491800611227], [8.293566796855146, 3.6594790308212075], [8.368710518454536, 3.7021067567697727], [8.402306912703528, 3.6428729045402823], [8.585306423805573, 3.74667920024067], [8.63996658876709, 3.650319651774568], [8.59753493514781, 3.626246770949599], [8.894912642093722, 3.102009372105249], [8.937344295743287, 3.126082252967488], [8.991600311617065, 3.029490618865934], [8.950457133261235, 3.006150008246499], [8.956723445001513, 2.9951019323610035]]]], "centroids": [[8.614807969459083, 3.0802149795144547, 5.882170018309023]], "h": 0.9003321456595443}, "mtl": {"face": 0}}, {"geom": {"polygons": [[[[10.802792486832335, 2.898610335180921], [10.907491111665879, 2.709400532991799], [10.890916997268295, 2.6999970639387603], [10.969650042938328, 2.5612018603164217], [11.011197370386562, 2.5847745565713094], [11.065861536829136, 2.488411006710334], [11.023425881724137, 2.464342127354771], [11.314785368468472, 1.9507126419414393], [11.35722102358977, 1.9747815212970028], [11.41188118848142, 1.8784219729054334], [11.229325841140215, 1.7748677701875266], [11.263426421368127, 1.7147495917660263], [11.18739837350219, 1.671621681247372], [11.153297793295225, 1.7317398596316094], [11.013178101159172, 1.6522545364555945], [10.683204368990307, 2.2339531335642064], [10.555017078808305, 2.1612383078768134], [10.420619497637052, 2.3981657138932193], [10.40558995301305, 2.389638568167919], [10.353938898140669, 2.4806961605786824], [10.368968442729741, 2.48921930490911], [10.350413597664376, 2.521931372863601], [10.392845251262695, 2.546000252256427], [10.381312996845448, 2.56633575432134], [10.478556871557142, 2.6214961036526354], [10.490093127448452, 2.6011646031689306], [10.537830738578503, 2.6282465940923676], [10.485175313238637, 2.721068837641343], [10.588609471573918, 2.779742483147863], [10.57707321568494, 2.800073983706101], [10.705260505820346, 2.872788809281684], [10.716792760253902, 2.8524573087234533], [10.802792486832335, 2.898610335180921]]]], "centroids": [[10.865389695251027, 2.280288500342313, 5.830831193413855]], "h": 0.9003321456595443}, "mtl": {"face": 0}}, {"geom": {"polygons": [[[[9.879547888373686, 4.480850046542185], [9.95527182405006, 4.3473567989379225], [9.997703477734564, 4.371429679688359], [10.058385864339126, 4.264458216433629], [10.01595020920385, 4.240389337040796], [10.195592481877702, 3.923704507407076], [10.238672374665658, 3.946636967513609], [10.299846942868884, 3.8387931823632835], [10.258295613983858, 3.815220486071133], [10.473683073527084, 3.4355244106792706], [10.51611872868332, 3.4595972914669697], [10.576945168454333, 3.352365732179152], [10.564892722122298, 3.308721631212793], [10.520844472040247, 3.32088611896302], [10.45018640528641, 3.280343162115045], [10.427209928897618, 3.197136465870262], [10.34421931244327, 3.220048918592503], [10.100041231605717, 3.076792069055175], [10.050566979851528, 3.090453108859927], [9.965931756692825, 3.249159658007587], [9.929686385230063, 3.2286000733205733], [9.850953339438917, 3.367395276868379], [9.887198710892363, 3.387954861555393], [9.778878750069907, 3.5789093074611733], [9.885846211911131, 3.639587692531111], [9.523276454656749, 4.278751489485179], [9.555104196384278, 4.296806150038687], [9.543067755927549, 4.318021976938001], [9.623517435030726, 4.363654811552891], [9.635549873999427, 4.342438984616307], [9.767274469089227, 4.417158549792578], [9.755238028714007, 4.438378378086764], [9.83583176083691, 4.483755118212505], [9.847720146643812, 4.462795385914144], [9.879547888373686, 4.480850046542185]]]], "centroids": [[10.029193144992421, 3.7485683958936598, 5.837108075697666]], "h": 0.9003321456595443}, "mtl": {"face": 0}}, {"geom": {"polygons": [[[[-39.91230505235342, 13.835925270267687], [-39.89319000052781, 13.800112058269338], [-39.857052668895044, 13.81939917344941], [-39.67719031510576, 13.482214781244288], [-39.71519233460257, 13.461891283624862], [-39.64100896728858, 13.322191746388953], [-39.6306131320598, 13.328506075918146], [-39.520064348986594, 13.121381664679243], [-39.55771423864001, 13.101262242297633], [-39.53854316611928, 13.065340990439], [-39.630429064148046, 13.016298898077032], [-39.607844732480714, 12.973987288733234], [-39.90651891772439, 12.814576479852208], [-39.590182216504246, 12.221889829085523], [-39.61349081541036, 12.209433233658766], [-39.563664433782506, 12.116206841029022], [-40.02745153156925, 11.864878122212593], [-40.505031717816486, 12.753045780159171], [-40.631774475067196, 12.685100714239061], [-40.73083902142356, 12.870709187888776], [-40.655711305785644, 12.913164850503836], [-40.70214043415149, 12.998384289176316], [-40.59755385061037, 13.054204882189323], [-40.705037502927254, 13.255583173598078], [-40.60598496095814, 13.308518702250517], [-40.64775637107507, 13.38677957381332], [-40.203060316195014, 13.624127134825363], [-40.23180692129094, 13.677910976482444], [-40.1260318993007, 13.734443832242153], [-40.1501127830668, 13.779500454330991], [-40.035666562212754, 13.84144330596906], [-40.00602762800697, 13.785902816224374], [-39.91230505235342, 13.835925270267687]]]], "centroids": [[-40.08668631588892, 12.916388086320543, 4.862883924105696]], "h": 6.002214304396962}, "mtl": {"face": 0}}, {"geom": {"polygons": [[[[-49.633461135897996, 31.391211546624874], [-49.658904715150484, 31.37762866046588], [-49.66615438312687, 31.391211546624874], [-49.633461135897996, 31.391211546624874]]], [[[-49.27443247812802, 31.391211546624874], [-49.27191795007338, 31.386499933119058], [-49.38603204838681, 31.32558946245093], [-49.408288259017866, 31.367284844462816], [-49.561384738553706, 31.285570698952217], [-49.61776672506715, 31.391211546624874], [-49.27443247812802, 31.391211546624874]]]], "centroids": [[-49.65284007805845, 31.386683917942474, 5.231480292865567], [-49.473458304368016, 31.35876177354769, 5.20719704242813]], "h": 0.3001107152198481},