{"type": "block", "layer": 0, "block": 9, "features": [{"geom": {"polygons": [[[[5.647425255195204, -2.6804857100265846], [5.752123880028748, -2.8696955122157064], [5.735549765631176, -2.879098981268745], [5.814282811301208, -3.0178941848910834], [5.8558301387494405, -2.9943214886361997], [5.910494305192005, -3.0906850384971745], [5.868058650087016, -3.114753917852738], [6.159418136831352, -3.6283834032660662], [6.201853791952649, -3.6043145239105026], [6.256513956844289, -3.700674072302072], [6.073958609503083, -3.804228275019979], [6.108059189731008, -3.8643464534414793], [6.032031141865057, -3.9074743639601333], [5.997930561658105, -3.8473561855758995], [5.85781086952204, -3.926841508751911], [5.527837137353176, -3.3451429116433027], [5.399649847171184, -3.417857737330692], [5.265252265999932, -3.180930331314286], [5.250222721375919, -3.189457477039586], [5.198571666503549, -3.0983998846288268], [5.213601211092611, -3.0898767402983993], [5.1950463660272455, -3.0571646723439083], [5.237478019625574, -3.0330957929510785], [5.225945765208328, -3.0127602908861686], [5.323189639920011, -2.9575999415548737], [5.334725895811321, -2.9779314420385745], [5.382463506941382, -2.9508494511151415], [5.329808081601506, -2.8580272075661624], [5.433242239936787, -2.7993535620596424], [5.421705984047809, -2.7790220615014083], [5.549893274183226, -2.706307235925822], [5.56142552861677, -2.726638736484056], [5.647425255195204, -2.6804857100265846]]]], "centroids": [[5.710022463613895, -3.298807544865196, 5.830831193413855]], "h": 0.9003321456595443}, "mtl": {"face": 0}}, {"geom": {"polygons": [[[[4.724180656736554, -1.0982459986653206], [4.799904592412929, -1.2317392462695829], [4.8423362460974335, -1.2076663655191466], [4.903018632701994, -1.3146378287738802], [4.860582977566718, -1.3387067081667101], [5.040225250240571, -1.6553915378004327], [5.083305143028527, -1.6324590776938963], [5.144479711231753, -1.7403028628442256], [5.102928382346727, -1.763875559136376], [5.318315841889964, -2.143571634528238], [5.360751497046201, -2.1194987537405354], [5.421577936817201, -2.2267303130283573], [5.409525490485178, -2.270374413994716], [5.365477240403127, -2.258209926244489], [5.2948191736492785, -2.29875288309246], [5.271842697260498, -2.3819595793372472], [5.18885208080615, -2.3590471266150024], [4.944673999968585, -2.50230397615233], [4.895199748214396, -2.488642936347582], [4.810564525055705, -2.3299363871999215], [4.774319153592932, -2.3504959718869354], [4.695586107801786, -2.21170076833913], [4.7318314792552325, -2.191141183652116], [4.623511518432776, -2.000186737746336], [4.730478980274, -1.939508352676398], [4.367909223019617, -1.3003445557223297], [4.3997369647471585, -1.2822898951688217], [4.387700524290416, -1.261074068269505], [4.468150203393595, -1.215441233654618], [4.480182642362296, -1.236657060591198], [4.611907237452096, -1.1619374954149273], [4.599870797076877, -1.1407176671207413], [4.68046452919978, -1.0953409269950003], [4.692352915006682, -1.1163006592933646], [4.724180656736554, -1.0982459986653206]]]], "centroids": [[4.87382591335529, -1.8305276493138494, 5.837108075697666]], "h": 0.9003321456595443}, "mtl": {"face": 0}}, {"geom": {"polygons": [[[[-45.06767228399054, 8.256829225060182], [-45.04855723216494, 8.221016013061833], [-45.01241990053217, 8.240303128241898], [-44.83255754674289, 7.903118736036776], [-44.8705595662397, 7.882795238417357], [-44.7963761989257, 7.743095701181439], [-44.78598036369693, 7.74941003071064], [-44.67543158062372, 7.542285619471737], [-44.71308147027714, 7.522166197090127], [-44.69391039775641, 7.486244945231495], [-44.78579629578518, 7.437202852869526], [-44.76321196411784, 7.394891243525729], [-45.06188614936152, 7.235480434644703], [-44.745549448141375, 6.642793783878018], [-44.76885804704749, 6.630337188451254], [-44.719031665419635, 6.537110795821517], [-45.18281876320637, 6.285782077005081], [-45.660398949453615, 7.173949734951659], [-45.787141706704325, 7.106004669031555], [-45.88620625306069, 7.29161314268127], [-45.811078537422766, 7.334068805296331], [-45.857507665788624, 7.41928824396881], [-45.7529210822475, 7.475108836981811], [-45.86040473456438, 7.676487128390566], [-45.761352192595275, 7.729422657043011], [-45.80312360271219, 7.807683528605813], [-45.35842754783214, 8.045031089617858], [-45.38717415292807, 8.098814931274932], [-45.28139913093783, 8.155347787034648], [-45.30548001470394, 8.200404409123479], [-45.19103379384988, 8.262347260761555], [-45.16139485964409, 8.206806771016868], [-45.06767228399054, 8.256829225060182]]]], "centroids": [[-45.24205354752605, 7.33729204111303, 4.862883924105696]], "h": 6.002214304396962}, "mtl": {"face": 0}}]}